target_reward_return,target_cost_return,average_reward_return,average_cost_return,reward_return,cost_return
150.0, 1.0,657.9315,18.25,"[627.4498, 639.8329, 714.3654, 664.69727, 606.6911, 659.7398, 611.4734, 675.9195, 667.03, 595.947, 680.1599, 679.7023, 667.1631, 674.6273, 680.6044, 661.48627, 631.91187, 674.6196, 675.50854, 669.69934]","[17.0, 20.0, 70.0, 14.0, 10.0, 14.0, 21.0, 48.0, 9.0, 18.0, 11.0, 10.0, 11.0, 9.0, 14.0, 8.0, 25.0, 14.0, 15.0, 7.0]"
150.0, 2.0,652.3582,17.4,"[645.1226, 627.2388, 655.8225, 666.0867, 648.27856, 658.37164, 674.5004, 662.9459, 670.75433, 680.1409, 673.7938, 682.60876, 572.15326, 585.92975, 676.3863, 678.1548, 666.695, 636.17285, 618.463, 667.54395]","[15.0, 18.0, 30.0, 15.0, 25.0, 9.0, 39.0, 23.0, 13.0, 13.0, 16.0, 19.0, 7.0, 7.0, 13.0, 12.0, 30.0, 22.0, 12.0, 10.0]"
200.0, 1.0,657.9315,18.25,"[627.4498, 639.8329, 714.3654, 664.69727, 606.6911, 659.7398, 611.4734, 675.9195, 667.03, 595.947, 680.1599, 679.7023, 667.1631, 674.6273, 680.6044, 661.48627, 631.91187, 674.6196, 675.50854, 669.69934]","[17.0, 20.0, 70.0, 14.0, 10.0, 14.0, 21.0, 48.0, 9.0, 18.0, 11.0, 10.0, 11.0, 9.0, 14.0, 8.0, 25.0, 14.0, 15.0, 7.0]"
200.0, 2.0,652.3582,17.4,"[645.1226, 627.2388, 655.8225, 666.0867, 648.27856, 658.37164, 674.5004, 662.9459, 670.75433, 680.1409, 673.7938, 682.60876, 572.15326, 585.92975, 676.3863, 678.1548, 666.695, 636.17285, 618.463, 667.54395]","[15.0, 18.0, 30.0, 15.0, 25.0, 9.0, 39.0, 23.0, 13.0, 13.0, 16.0, 19.0, 7.0, 7.0, 13.0, 12.0, 30.0, 22.0, 12.0, 10.0]"
